{"cameraMode":{"drawMode":0,"name":"Shaded","section":"Shading Mode"},"sceneLighting":true,"audioPlay":false,"sceneViewState":{"m_AlwaysRefresh":false,"showFog":false,"showSkybox":false,"showFlares":false,"showImageEffects":false,"showParticleSystems":false,"showVisualEffectGraphs":true,"m_FxEnabled":true},"in2DMode":false,"pivot":{"x":1433.659423828125,"y":461.93365478515627,"z":-139.4283447265625},"rotation":{"x":-0.002999980701133609,"y":0.0014999927952885628,"z":0.00000449997514806455,"w":0.9999943375587463},"size":552.3936157226563,"orthographic":false}