{"cameraMode":{"drawMode":0,"name":"Shaded","section":"Shading Mode"},"sceneLighting":true,"audioPlay":false,"sceneViewState":{"m_AlwaysRefresh":false,"showFog":false,"showSkybox":false,"showFlares":false,"showImageEffects":false,"showParticleSystems":false,"showVisualEffectGraphs":true,"m_FxEnabled":true},"in2DMode":false,"pivot":{"x":298.8694763183594,"y":453.32696533203127,"z":89.3104248046875},"rotation":{"x":0.00039652519626542926,"y":0.9927675724029541,"z":-0.12001954764127732,"w":0.0032759737223386766},"size":1024.564697265625,"orthographic":false}